mRNA,microRNA,T_CC,T_P,T_FDR,N_CC,N_P,N_FDR,Targetprofiler,Targetscan,MiRanda,mRNA_FC,miRNA_FC
PAK2,hsa-mir-221,0.417953433,9.56E-09,2.41E-06,-0.777252084,0.001768084,0.057471774,targetprofiler-NO,targetscan-Yes,miRanda-NO,1.2026267632044993,1.040139759054016
CEBPZ,hsa-mir-335,0.24339701,0.001210925,0.042273627,-0.733393075,0.004333323,0.092981464,targetprofiler-NO,targetscan-NO,miRanda-Yes,0.9442215474754914,3.750540495962203
CCDC50,hsa-mir-206,0.220562917,0.00344947,0.086104587,-0.774697637,0.001872533,0.059227099,targetprofiler-NO,targetscan-NO,miRanda-Yes,0.4321802966706069,14.078774970194322
ARL8B,hsa-mir-203,0.291810298,9.35E-05,0.006247152,-0.824087589,0.000531599,0.028748375,targetprofiler-NO,targetscan-Yes,miRanda-NO,0.7878710311231777,17.483124725142986
FERMT2,hsa-mir-345,0.218129202,0.00383429,0.092204514,-0.73883412,0.003913546,0.088269391,targetprofiler-NO,targetscan-Yes,miRanda-NO,0.18747179192995464,9.894574336501934
RFTN1,hsa-mir-424,0.255400103,0.000670758,0.027745089,-0.805950243,0.000878687,0.038575121,targetprofiler-Yes,targetscan-NO,miRanda-NO,0.23113210997603598,0.3071910605747866
CYB561,hsa-mir-18a,-0.267330822,0.000362413,0.017639315,0.829247249,0.000456085,0.0262392,targetprofiler-Yes,targetscan-NO,miRanda-NO,2.074049176752814,16.387604748424305
ZDHHC1,hsa-mir-106b,-0.217236104,0.003984932,0.094515041,0.766421564,0.002244386,0.065387346,targetprofiler-Yes,targetscan-NO,miRanda-Yes,0.5875860450117679,6.074124141264395
YIPF4,hsa-mir-1301,0.410708465,1.81E-08,4.26E-06,-0.823859278,0.000535155,0.028826989,targetprofiler-Yes,targetscan-Yes,miRanda-NO,1.331664379784373,9.58274904274554
RABEP1,hsa-mir-3909,0.237581415,0.001595947,0.051136955,-0.80576469,0.000882982,0.038679498,targetprofiler-NO,targetscan-Yes,miRanda-NO,0.6339028495959371,2.865412483000313
ADCY1,hsa-mir-488,0.241069392,0.001353467,0.045653264,-0.84285933,0.000296908,0.020217512,targetprofiler-NO,targetscan-Yes,miRanda-NO,2.1272729356859474,2.130414368750465
FMNL3,hsa-mir-378,0.222785948,0.003128792,0.080693811,-0.746157509,0.003398976,0.081830438,targetprofiler-Yes,targetscan-Yes,miRanda-NO,0.6118651040298938,2.2362363466867166
CD2AP,hsa-mir-182,-0.26304406,0.000453633,0.020848599,0.736881758,0.004060381,0.089966961,targetprofiler-NO,targetscan-Yes,miRanda-NO,1.8080587881936465,48.747953657680426
CENPL,hsa-mir-106b,0.351516848,1.97E-06,0.000258967,-0.731249865,0.004507884,0.094945601,targetprofiler-NO,targetscan-NO,miRanda-Yes,3.8136885133666776,6.074124141264395
FMOD,hsa-mir-345,-0.221828083,0.003263509,0.082973384,0.750416921,0.003124809,0.078255829,targetprofiler-NO,targetscan-Yes,miRanda-NO,0.30026415058215034,9.894574336501934
MRAS,hsa-mir-30a,0.354019492,1.65E-06,0.000221995,-0.83601646,0.000370174,0.023143718,targetprofiler-NO,targetscan-NO,miRanda-Yes,0.40775602436192887,2.153347574962937
PKN3,hsa-mir-625,0.408302815,2.24E-08,5.14E-06,-0.758189822,0.00266896,0.072008078,targetprofiler-Yes,targetscan-Yes,miRanda-Yes,1.204666123237443,2.9206499739284775
PCDHGA11,hsa-mir-625,0.295396428,7.59E-05,0.005286438,-0.770377638,0.002060079,0.062266798,targetprofiler-Yes,targetscan-Yes,miRanda-NO,0.22529362890516696,2.9206499739284775
OBSCN,hsa-mir-34a,-0.216352706,0.004139156,0.09686524,0.915391245,1.14E-05,0.002344751,targetprofiler-Yes,targetscan-NO,miRanda-Yes,1.3010860865282978,2.052482437077747
NT5C2,hsa-mir-186,-0.229624279,0.002304067,0.06571891,0.899261241,2.88E-05,0.004455136,targetprofiler-NO,targetscan-Yes,miRanda-NO,1.1844192821669746,2.158676563649284
BZRAP1,hsa-mir-3191,-0.237523511,0.001600288,0.051229021,0.787187695,0.001404336,0.050559086,targetprofiler-NO,targetscan-Yes,miRanda-NO,0.6078893651515164,2.913078719895891
TCP10L,hsa-mir-3684,-0.248235649,0.000957589,0.035819734,0.865565471,0.000131744,0.012150308,targetprofiler-NO,targetscan-Yes,miRanda-NO,1.0767937672082581,5.858205256113429
ELK3,hsa-mir-488,0.227573346,0.002527848,0.069957058,-0.781289099,0.001612355,0.054598436,targetprofiler-NO,targetscan-Yes,miRanda-NO,0.26309132793566103,2.130414368750465
MZF1,hsa-mir-3127,-0.287147924,0.000122205,0.007698838,0.761859897,0.002472586,0.069044922,targetprofiler-Yes,targetscan-NO,miRanda-NO,1.1014576064277557,6.383521277588845
PDS5B,hsa-mir-130b,0.220829849,0.003409457,0.085450957,-0.745677864,0.00343098,0.082227591,targetprofiler-Yes,targetscan-NO,miRanda-NO,0.443412220288935,19.085883470395167
BTBD10,hsa-mir-130b,0.308184869,3.52E-05,0.002839584,-0.780678965,0.001635175,0.05500746,targetprofiler-Yes,targetscan-NO,miRanda-Yes,0.8788532779894291,19.085883470395167
DPH3,hsa-mir-17,0.229364335,0.002331398,0.066241453,-0.731489923,0.004488066,0.094670912,targetprofiler-NO,targetscan-Yes,miRanda-NO,0.7435256775734319,4.837571132220166
UBE2V2,hsa-mir-570,0.289271898,0.000108234,0.006999841,-0.883832997,6.12E-05,0.007317438,targetprofiler-NO,targetscan-Yes,miRanda-NO,1.526947778263488,3.4916791279717083
MTMR9,hsa-mir-130b,0.264702723,0.000416074,0.019551259,-0.807727237,0.000838391,0.037520215,targetprofiler-Yes,targetscan-NO,miRanda-NO,0.5390246724067135,19.085883470395167
MAP3K5,hsa-mir-1468,-0.254744322,0.000693269,0.028397596,0.797818512,0.001082965,0.043549521,targetprofiler-NO,targetscan-Yes,miRanda-NO,0.3403511809748261,0.8734726907854239
RPP14,hsa-mir-106b,0.307034348,3.77E-05,0.00300734,-0.871012301,0.000106092,0.01060568,targetprofiler-NO,targetscan-NO,miRanda-Yes,0.8827226816308301,6.074124141264395
SLC22A23,hsa-mir-30a,-0.266420775,0.000380223,0.018287657,0.950477626,6.41E-07,0.00029721,targetprofiler-Yes,targetscan-NO,miRanda-NO,1.0650125229631018,2.153347574962937
EIF5A2,hsa-mir-766,0.262559751,0.000465177,0.021226366,-0.759701664,0.002586651,0.070869723,targetprofiler-Yes,targetscan-Yes,miRanda-NO,0.5007607522902163,6.849591739593093
RABGAP1,hsa-mir-424,0.325968251,1.14E-05,0.001128474,-0.747542771,0.003307845,0.080746405,targetprofiler-Yes,targetscan-NO,miRanda-NO,0.650142640123597,0.3071910605747866
STK38,hsa-mir-590,0.356987069,1.33E-06,0.000184831,-0.750333774,0.003129991,0.07832891,targetprofiler-NO,targetscan-Yes,miRanda-NO,1.562438879807631,3.236103055737781
SCAMP2,hsa-mir-106b,-0.23033448,0.002230872,0.064292555,0.847160998,0.000257101,0.0184913,targetprofiler-NO,targetscan-NO,miRanda-Yes,1.250648390906196,6.074124141264395
PCDHGB7,hsa-mir-203,0.240368968,0.001399271,0.046713168,-0.85864707,0.000171222,0.014357848,targetprofiler-Yes,targetscan-Yes,miRanda-NO,0.15354838909790605,17.483124725142986
SNTB2,hsa-mir-1275,0.299107202,6.09E-05,0.004433711,-0.762139306,0.00245811,0.068809946,targetprofiler-NO,targetscan-Yes,miRanda-NO,0.4207396056711309,1.535365590898346
CELSR1,hsa-mir-182,-0.228354651,0.002440373,0.068355655,0.877576127,8.07E-05,0.008809524,targetprofiler-NO,targetscan-Yes,miRanda-NO,2.2782657314719246,48.747953657680426
MRE11A,hsa-mir-106b,0.231394972,0.0021255,0.062245711,-0.782907147,0.001553042,0.053479877,targetprofiler-Yes,targetscan-NO,miRanda-NO,0.914836153757852,6.074124141264395
PHLDB2,hsa-mir-592,0.362723021,8.71E-07,0.000128688,-0.783907485,0.001517235,0.052759693,targetprofiler-NO,targetscan-Yes,miRanda-NO,0.19673101997261203,22.9775459082723
LRRFIP1,hsa-mir-192,0.216832321,0.004054771,0.095585121,-0.776476947,0.001799284,0.057990786,targetprofiler-NO,targetscan-Yes,miRanda-NO,0.5812204567004424,4.805360419397749
NAP1L3,hsa-mir-18a,0.50872126,7.67E-13,4.17E-10,-0.800997078,0.000999104,0.041569893,targetprofiler-NO,targetscan-NO,miRanda-Yes,0.1453918489477013,16.387604748424305
DUSP3,hsa-mir-561,0.295894565,7.37E-05,0.005162619,-0.792195414,0.001244787,0.04710353,targetprofiler-NO,targetscan-Yes,miRanda-NO,0.5003599349897732,2.3531554648475477
CARD8,hsa-mir-424,0.263030309,0.000453957,0.020862635,-0.779179128,0.001692347,0.056033067,targetprofiler-NO,targetscan-Yes,miRanda-NO,0.5804254475322431,0.3071910605747866
TCF4,hsa-mir-424,0.389564487,1.08E-07,2.08E-05,-0.779703556,0.001672181,0.055679836,targetprofiler-NO,targetscan-Yes,miRanda-NO,0.2537436805697381,0.3071910605747866
C6orf145,hsa-mir-503,0.256863305,0.000622938,0.026292671,-0.803397033,0.000939239,0.040092374,targetprofiler-NO,targetscan-NO,miRanda-Yes,0.5525897996692549,0.786128355316889
RSPO4,hsa-mir-1266,-0.252409407,0.00077919,0.03091262,0.807653771,0.000840028,0.037563376,targetprofiler-NO,targetscan-Yes,miRanda-NO,7.843878465132947,8.331445046349769
ITSN1,hsa-mir-551a,0.244159514,0.001167307,0.041193364,-0.79142026,0.001268505,0.047628703,targetprofiler-Yes,targetscan-NO,miRanda-NO,0.5506686130933983,4.170806786041075
ITSN1,hsa-mir-130a,0.271817487,0.000285373,0.01475129,-0.774536115,0.001879296,0.059373802,targetprofiler-NO,targetscan-NO,miRanda-Yes,0.5506686130933983,1.8678639349727875
TNFSF13,hsa-mir-106b,-0.233796137,0.001903437,0.057687558,0.776244875,0.001808709,0.058171622,targetprofiler-NO,targetscan-NO,miRanda-Yes,1.3164534327700235,6.074124141264395
KIAA0947,hsa-mir-106b,0.274173854,0.000251294,0.013384584,-0.822632951,0.00055458,0.029422024,targetprofiler-Yes,targetscan-NO,miRanda-NO,0.7453079544955256,6.074124141264395
SCAMP4,hsa-mir-106b,-0.29969891,5.88E-05,0.004312744,0.760664881,0.002535249,0.07006498,targetprofiler-NO,targetscan-NO,miRanda-Yes,1.2567566106337855,6.074124141264395
BVES,hsa-mir-130a,0.551103899,3.33E-15,2.53E-12,-0.733028026,0.004362681,0.093263449,targetprofiler-NO,targetscan-Yes,miRanda-NO,0.405319107548516,1.8678639349727875
HOXA11,hsa-mir-484,0.232115792,0.002056483,0.060837492,-0.831544956,0.000425322,0.025240641,targetprofiler-Yes,targetscan-NO,miRanda-NO,0.3440437175683745,7.299732938820244
MAN1A1,hsa-mir-203,0.230191057,0.002245481,0.064590303,-0.772601947,0.00196177,0.060679048,targetprofiler-Yes,targetscan-Yes,miRanda-NO,0.41557510433810335,17.483124725142986
FYCO1,hsa-mir-203,0.364230528,7.79E-07,0.000116873,-0.820614923,0.000587756,0.030428996,targetprofiler-NO,targetscan-Yes,miRanda-NO,0.2519772701040705,17.483124725142986
STK4,hsa-mir-222,0.358274433,1.21E-06,0.000170756,-0.772960478,0.001946273,0.06047298,targetprofiler-Yes,targetscan-NO,miRanda-NO,1.159852627553561,1.4023572839989897
DEGS1,hsa-mir-561,0.248888381,0.000927417,0.034995382,-0.774039249,0.001900219,0.059670555,targetprofiler-Yes,targetscan-Yes,miRanda-NO,1.1793863077886078,2.3531554648475477
UBXN6,hsa-mir-760,-0.229302094,0.002337986,0.066357757,0.849941507,0.000233717,0.017491598,targetprofiler-Yes,targetscan-NO,miRanda-NO,0.7732165789940174,7.900018950945542
TMEM97,hsa-mir-664,-0.233650401,0.001916288,0.057943438,0.779946779,0.001662893,0.055541295,targetprofiler-NO,targetscan-Yes,miRanda-NO,2.73276513437502,1.338592981555546
PMM1,hsa-mir-1301,-0.314997165,2.30E-05,0.002019878,0.898011976,3.08E-05,0.004656737,targetprofiler-NO,targetscan-Yes,miRanda-NO,0.9314235743260312,9.58274904274554
FBXL7,hsa-mir-488,0.341797265,3.91E-06,0.000463611,-0.754363827,0.002886369,0.074950411,targetprofiler-NO,targetscan-Yes,miRanda-NO,0.13720043372883106,2.130414368750465
KALRN,hsa-mir-181c,0.242385912,0.001271065,0.043704773,-0.786109552,0.001440691,0.051256283,targetprofiler-Yes,targetscan-NO,miRanda-NO,0.4434046084307111,3.721609893771577
MARCKSL1,hsa-mir-193b,-0.218092368,0.0038404,0.092305753,0.932462838,3.41E-06,0.001010929,targetprofiler-Yes,targetscan-Yes,miRanda-Yes,2.688717230476955,3.4740846368593177
GM2A,hsa-mir-3652,0.274512521,0.000246719,0.013207213,-0.815664948,0.000675797,0.033059305,targetprofiler-Yes,targetscan-NO,miRanda-NO,1.3084157836511146,12.07347467486335
SNRK,hsa-mir-2110,0.267453287,0.000360076,0.017559237,-0.804005167,0.000924527,0.039703597,targetprofiler-Yes,targetscan-NO,miRanda-NO,0.38677681148714266,2.6640278527533168
IGF2BP2,hsa-mir-375,-0.254621039,0.000697578,0.028527086,0.869221315,0.000114041,0.011087595,targetprofiler-NO,targetscan-Yes,miRanda-NO,2.4890218868686427,19.817239702832538
ITPR3,hsa-mir-484,-0.231238591,0.002140748,0.062524155,0.757973243,0.002680916,0.072158402,targetprofiler-Yes,targetscan-NO,miRanda-NO,2.7514855881623865,7.299732938820244
KLHDC8B,hsa-let-7b,-0.244642502,0.001140427,0.040504386,0.817045296,0.000650264,0.032303966,targetprofiler-Yes,targetscan-NO,miRanda-Yes,0.46552704940557504,1.0139245053538404
REPIN1,hsa-mir-130a,-0.216501592,0.004112793,0.096498901,0.799005077,0.001051037,0.042754627,targetprofiler-NO,targetscan-Yes,miRanda-NO,1.7731955520927616,1.8678639349727875
KLHL29,hsa-mir-592,0.285162165,0.000136774,0.008407404,-0.823702642,0.000537606,0.028905469,targetprofiler-NO,targetscan-Yes,miRanda-NO,0.6929900131701356,22.9775459082723
CNDP2,hsa-mir-183,-0.230835217,0.00218054,0.063323854,0.898912675,2.94E-05,0.004511531,targetprofiler-NO,targetscan-Yes,miRanda-NO,1.621449433028346,97.4667603609174
PDE7B,hsa-mir-145,0.364809047,7.46E-07,0.00011257,-0.736827837,0.004064496,0.090018795,targetprofiler-NO,targetscan-Yes,miRanda-NO,0.16811394132359478,0.1766932822791044
SPPL2B,hsa-mir-551a,-0.224170709,0.00294291,0.077541206,0.854158379,0.000201512,0.015940195,targetprofiler-NO,targetscan-Yes,miRanda-NO,1.768425850154061,4.170806786041075
DNAJC24,hsa-mir-766,0.235552344,0.001754628,0.054538443,-0.765016641,0.002312841,0.066507937,targetprofiler-NO,targetscan-Yes,miRanda-NO,0.8088526228826942,6.849591739593093
ARSD,hsa-mir-551a,-0.285410875,0.000134865,0.00830993,0.733558123,0.0043201,0.092847406,targetprofiler-NO,targetscan-NO,miRanda-Yes,1.4467173009598695,4.170806786041075
ZNF282,hsa-mir-31,-0.227161127,0.002575137,0.070809762,0.78862418,0.001357018,0.049530015,targetprofiler-NO,targetscan-Yes,miRanda-NO,1.2963243273022254,9.331863453382136
CCDC8,hsa-mir-548v,-0.25592765,0.00065314,0.027218906,0.800225596,0.001018972,0.042053004,targetprofiler-NO,targetscan-Yes,miRanda-NO,0.5876730132718258,2.6971494506683324
ADAM23,hsa-mir-592,0.277331859,0.000211534,0.011742764,-0.764206836,0.002353031,0.067162397,targetprofiler-NO,targetscan-Yes,miRanda-NO,1.5135484051363037,22.9775459082723
RFX5,hsa-mir-193a,0.234682811,0.001826928,0.056083745,-0.746614858,0.003368677,0.081497813,targetprofiler-NO,targetscan-Yes,miRanda-NO,1.4592666713031992,1.5562734016876254
ATP9A,hsa-mir-183,-0.229617696,0.002304756,0.065728477,0.777739469,0.001748683,0.057069963,targetprofiler-NO,targetscan-Yes,miRanda-NO,0.874325660054243,97.4667603609174
CIRBP,hsa-mir-616,-0.263280114,0.000448103,0.02066414,0.877349606,8.14E-05,0.008861163,targetprofiler-NO,targetscan-NO,miRanda-Yes,0.4846972313910214,3.922025271138818
STK40,hsa-mir-195,-0.229429627,0.002324506,0.066107814,0.757582323,0.002702602,0.072469049,targetprofiler-Yes,targetscan-NO,miRanda-NO,0.8626055806319873,0.3979244259740412
EPN3,hsa-mir-134,-0.217373049,0.003961493,0.094146071,0.854094019,0.000201976,0.015957309,targetprofiler-NO,targetscan-Yes,miRanda-NO,1.3160556588615986,0.7785813377153431
RAP2A,hsa-mir-181c,0.353446448,1.72E-06,0.000229953,-0.806223582,0.000872392,0.038412465,targetprofiler-Yes,targetscan-NO,miRanda-NO,0.7620927731795789,3.721609893771577
IGF2BP2,hsa-mir-1266,-0.235681238,0.001744136,0.05430758,0.878523064,7.74E-05,0.008577112,targetprofiler-NO,targetscan-Yes,miRanda-NO,2.4890218868686427,8.331445046349769
OPA1,hsa-mir-760,0.221401818,0.003325127,0.084038995,-0.733937566,0.004289818,0.09251025,targetprofiler-Yes,targetscan-NO,miRanda-NO,1.1621698032527537,7.900018950945542
AGBL4,hsa-mir-1266,-0.227387939,0.002549019,0.070342603,0.871205359,0.000105262,0.010548862,targetprofiler-NO,targetscan-Yes,miRanda-NO,0.5875614370917046,8.331445046349769
DGKA,hsa-mir-190b,0.267858781,0.000352438,0.017290154,-0.770041298,0.002075273,0.062530937,targetprofiler-Yes,targetscan-NO,miRanda-NO,1.1696688468218122,2.9976020190033585
PHLDB2,hsa-mir-203,0.382290601,1.93E-07,3.48E-05,-0.826485177,0.000495369,0.0275797,targetprofiler-NO,targetscan-Yes,miRanda-NO,0.19673101997261203,17.483124725142986
PPP2R5B,hsa-mir-31,0.303556766,4.66E-05,0.003567433,-0.734395573,0.004253484,0.092033927,targetprofiler-NO,targetscan-Yes,miRanda-NO,0.9559742872608525,9.331863453382136
CFL2,hsa-mir-301a,0.30416634,4.50E-05,0.003465928,-0.81002269,0.000788509,0.036160955,targetprofiler-Yes,targetscan-NO,miRanda-NO,0.14595035910282594,7.013866246204878
DDX58,hsa-mir-222,0.428024415,3.83E-09,1.06E-06,-0.757099317,0.002729584,0.072875262,targetprofiler-NO,targetscan-NO,miRanda-Yes,1.6100018260026807,1.4023572839989897
ST6GALNAC3,hsa-mir-505,0.246932805,0.001020522,0.037445516,-0.763901728,0.002368314,0.067413669,targetprofiler-NO,targetscan-Yes,miRanda-NO,0.2519484429920714,2.66249465348998
ERBB3,hsa-mir-130b,-0.227486982,0.00253769,0.070135431,0.764611198,0.002332896,0.066876562,targetprofiler-Yes,targetscan-NO,miRanda-NO,4.6388854187840245,19.085883470395167
CCDC43,hsa-mir-182,-0.232920319,0.001981863,0.059336927,0.857094299,0.000181258,0.014879886,targetprofiler-NO,targetscan-Yes,miRanda-NO,1.5394722318548988,48.747953657680426
QKI,hsa-mir-130b,0.37200792,4.32E-07,7.00E-05,-0.897786446,3.11E-05,0.004691173,targetprofiler-Yes,targetscan-NO,miRanda-NO,0.4495882815301403,19.085883470395167
RAD18,hsa-mir-185,0.225767529,0.002741004,0.073899439,-0.811516276,0.000757329,0.035325455,targetprofiler-NO,targetscan-Yes,miRanda-NO,1.9533320998673371,5.378627286626515
COL6A3,hsa-mir-130b,0.467267339,8.04E-11,3.08E-08,-0.730021715,0.004610329,0.096074738,targetprofiler-NO,targetscan-NO,miRanda-Yes,0.26625769076056394,19.085883470395167
TMEM43,hsa-mir-31,0.227891642,0.002491874,0.069269274,-0.820333528,0.000592503,0.030589329,targetprofiler-Yes,targetscan-Yes,miRanda-NO,0.3945447457382793,9.331863453382136
TMBIM6,hsa-mir-106b,-0.241909196,0.001300357,0.044426461,0.745647724,0.003432998,0.082254185,targetprofiler-Yes,targetscan-NO,miRanda-NO,1.1532711569388219,6.074124141264395
SACS,hsa-mir-106b,0.240713491,0.001376567,0.046187451,-0.851140301,0.000224173,0.017051372,targetprofiler-Yes,targetscan-NO,miRanda-Yes,0.5808599952554466,6.074124141264395
HMGCL,hsa-mir-106b,-0.248796248,0.000931622,0.035098697,0.744146853,0.003534697,0.083510919,targetprofiler-NO,targetscan-NO,miRanda-Yes,1.339198642929955,6.074124141264395
ELOVL4,hsa-mir-98,0.404602133,3.07E-08,6.81E-06,-0.787465014,0.001395102,0.050341183,targetprofiler-Yes,targetscan-NO,miRanda-NO,0.9075443597917124,2.5728513447347297
PARM1,hsa-mir-592,0.223320965,0.003055752,0.079448413,-0.765070344,0.002310195,0.066470329,targetprofiler-Yes,targetscan-Yes,miRanda-NO,0.23796280450170876,22.9775459082723
RAB11FIP1,hsa-mir-130b,-0.242435298,0.001268065,0.043640451,0.732628535,0.004394984,0.093606984,targetprofiler-Yes,targetscan-NO,miRanda-NO,1.9749671067039327,19.085883470395167
TRIM27,hsa-mir-31,-0.259279866,0.000550792,0.024045997,0.827577109,0.000479531,0.027051764,targetprofiler-NO,targetscan-Yes,miRanda-NO,1.3750648221901451,9.331863453382136
YIPF4,hsa-mir-570,0.402161826,3.78E-08,8.20E-06,-0.79337356,0.001209406,0.046389238,targetprofiler-NO,targetscan-Yes,miRanda-NO,1.331664379784373,3.4916791279717083
RABEP1,hsa-mir-424,0.24267352,0.001253685,0.04329258,-0.757927047,0.002683472,0.072206267,targetprofiler-NO,targetscan-Yes,miRanda-NO,0.6339028495959371,0.3071910605747866
GLE1,hsa-mir-1301,-0.301755761,5.20E-05,0.003894696,0.86216243,0.000150133,0.01323139,targetprofiler-NO,targetscan-Yes,miRanda-NO,1.281734153663128,9.58274904274554
SYT11,hsa-mir-335,0.246533654,0.001040549,0.037973359,-0.773636139,0.001917328,0.059940298,targetprofiler-NO,targetscan-Yes,miRanda-NO,0.4657312777401647,3.750540495962203
FYTTD1,hsa-mir-222,0.41100496,1.77E-08,4.16E-06,-0.92740576,5.03E-06,0.001327026,targetprofiler-Yes,targetscan-NO,miRanda-NO,0.8324987457709544,1.4023572839989897
QKI,hsa-mir-1226,0.299789838,5.85E-05,0.004293723,-0.749393677,0.003189048,0.079139,targetprofiler-NO,targetscan-Yes,miRanda-NO,0.4495882815301403,11.90611319482797
ZFP41,hsa-mir-34a,-0.261761217,0.000484806,0.021885201,0.907333295,1.85E-05,0.003296482,targetprofiler-Yes,targetscan-NO,miRanda-NO,1.0356891034831892,2.052482437077747
RAD1,hsa-mir-130b,0.247538185,0.000990822,0.036695557,-0.7481435,0.003268919,0.08019524,targetprofiler-Yes,targetscan-NO,miRanda-Yes,1.2007229728378996,19.085883470395167
CLIC2,hsa-mir-424,0.385967124,1.44E-07,2.69E-05,-0.817077598,0.000649676,0.032282104,targetprofiler-NO,targetscan-Yes,miRanda-NO,0.14875118328644835,0.3071910605747866
STK4,hsa-mir-221,0.365201647,7.24E-07,0.000109646,-0.752959018,0.002969556,0.076037285,targetprofiler-Yes,targetscan-NO,miRanda-NO,1.159852627553561,1.040139759054016
FYTTD1,hsa-mir-570,0.407909021,2.31E-08,5.30E-06,-0.786490915,0.001427748,0.051017728,targetprofiler-NO,targetscan-Yes,miRanda-NO,0.8324987457709544,3.4916791279717083
CORO1C,hsa-mir-210,0.29619909,7.24E-05,0.005093942,-0.785592544,0.001458385,0.051587503,targetprofiler-NO,targetscan-Yes,miRanda-NO,0.36952478989467497,17.527183714802224
C1orf74,hsa-mir-30a,-0.238868344,0.00150221,0.049020123,0.796322317,0.001124306,0.044465691,targetprofiler-NO,targetscan-NO,miRanda-Yes,2.3251971360956256,2.153347574962937
RBL1,hsa-mir-185,0.284820316,0.000139441,0.008530267,-0.75249633,0.002997358,0.076487697,targetprofiler-NO,targetscan-Yes,miRanda-NO,1.5131534656934804,5.378627286626515
CORO1C,hsa-mir-579,0.25356942,0.000735348,0.029629257,-0.727309829,0.004842892,0.098585181,targetprofiler-NO,targetscan-Yes,miRanda-NO,0.36952478989467497,5.324559872375967
IL20RA,hsa-mir-598,-0.27024746,0.00031041,0.015721149,0.793723918,0.001199038,0.046164601,targetprofiler-NO,targetscan-NO,miRanda-Yes,0.9207178121379959,3.550765393779459
FUT4,hsa-mir-30a,0.227307484,0.002558256,0.070529568,-0.753036255,0.002964935,0.075993713,targetprofiler-Yes,targetscan-NO,miRanda-NO,0.8832022486076996,2.153347574962937
CDS2,hsa-mir-29a,0.221593913,0.00329723,0.08352664,-0.791820973,0.0012562,0.047359036,targetprofiler-NO,targetscan-Yes,miRanda-Yes,0.9681229046344351,0.6267610535766585
CELSR1,hsa-mir-96,-0.252851471,0.000762207,0.030414229,0.926285745,5.45E-06,0.001404365,targetprofiler-NO,targetscan-Yes,miRanda-NO,2.2782657314719246,54.863647456482596
DHX32,hsa-mir-570,-0.235618921,0.001749201,0.0544183,0.758044201,0.002676995,0.07210627,targetprofiler-Yes,targetscan-NO,miRanda-NO,1.3626841009197652,3.4916791279717083
ZNF35,hsa-mir-197,0.299259006,6.04E-05,0.004403969,-0.775010995,0.001859467,0.058991026,targetprofiler-NO,targetscan-Yes,miRanda-NO,1.5594309681760752,3.60373874809976
PLS3,hsa-mir-3934,0.234534465,0.00183953,0.056348309,-0.741968016,0.003686466,0.085493799,targetprofiler-Yes,targetscan-Yes,miRanda-NO,0.3903283877030332,10.586533989205867
DDX58,hsa-mir-221,0.47820121,2.50E-11,1.05E-08,-0.797480858,0.001092189,0.04375494,targetprofiler-NO,targetscan-Yes,miRanda-NO,1.6100018260026807,1.040139759054016
DEF8,hsa-mir-3170,0.215678713,0.004260411,0.098708447,-0.736305491,0.004104525,0.090476001,targetprofiler-NO,targetscan-Yes,miRanda-NO,0.8898688910540049,12.330259839812351
GREB1,hsa-mir-32,-0.235289476,0.001776205,0.054984363,0.82602658,0.000502143,0.027803439,targetprofiler-Yes,targetscan-NO,miRanda-NO,0.29023242885642814,3.1035030820871548
ZNF566,hsa-mir-106b,0.354487101,1.59E-06,0.000215823,-0.784706798,0.001489092,0.052223448,targetprofiler-Yes,targetscan-NO,miRanda-NO,0.722347757805558,6.074124141264395
FAM46C,hsa-mir-17,-0.278578199,0.00019752,0.011153936,0.810370487,0.000781159,0.035989415,targetprofiler-Yes,targetscan-Yes,miRanda-NO,1.0839012943122424,4.837571132220166
USHBP1,hsa-mir-424,0.301164317,5.39E-05,0.00401016,-0.850110161,0.000232355,0.017441139,targetprofiler-Yes,targetscan-NO,miRanda-NO,0.45549509339877386,0.3071910605747866
ZNF687,hsa-mir-627,-0.242899528,0.001240181,0.042975009,0.878440923,7.77E-05,0.008594543,targetprofiler-Yes,targetscan-NO,miRanda-NO,1.4966132464483493,1.9697549527224352
FAT4,hsa-mir-107,0.227047404,0.002588323,0.071080571,-0.726821605,0.004885703,0.099036112,targetprofiler-NO,targetscan-NO,miRanda-Yes,0.19455336996249623,5.344134194279752
RIC3,hsa-mir-34a,-0.244612302,0.001142091,0.040545183,0.817046622,0.00065024,0.032303966,targetprofiler-Yes,targetscan-NO,miRanda-NO,0.08621289787366454,2.052482437077747
RAP1B,hsa-mir-424,0.321325808,1.54E-05,0.001446394,-0.79185223,0.001255244,0.047339893,targetprofiler-NO,targetscan-Yes,miRanda-NO,0.6892658518313477,0.3071910605747866
JAM3,hsa-mir-1269,0.341205804,4.08E-06,0.000479417,-0.72890944,0.004704649,0.097050189,targetprofiler-Yes,targetscan-Yes,miRanda-NO,0.13287040544098241,628.4487553895624
PTPN3,hsa-mir-106b,-0.24944963,0.000902175,0.034321396,0.761060473,0.002514371,0.069726663,targetprofiler-Yes,targetscan-NO,miRanda-NO,1.989747194043888,6.074124141264395
REPIN1,hsa-mir-766,-0.253239222,0.000747591,0.02998414,0.867218095,0.000123489,0.011641602,targetprofiler-NO,targetscan-Yes,miRanda-NO,1.7731955520927616,6.849591739593093
ZDHHC1,hsa-mir-652,-0.259195909,0.000553164,0.02411466,0.785840618,0.001449874,0.051429274,targetprofiler-NO,targetscan-NO,miRanda-Yes,0.5875860450117679,5.297311737962532
PPAP2A,hsa-mir-497,0.44967065,4.83E-10,1.62E-07,-0.760273954,0.002556014,0.070381949,targetprofiler-NO,targetscan-NO,miRanda-Yes,0.298317009326562,0.6162865945543899
QKI,hsa-mir-301b,0.241114023,0.001350595,0.045589431,-0.755727404,0.002807365,0.073903752,targetprofiler-Yes,targetscan-NO,miRanda-NO,0.4495882815301403,33.18614714687045
BTBD10,hsa-mir-210,0.247023029,0.001016045,0.037340079,-0.749252976,0.003197961,0.079249651,targetprofiler-NO,targetscan-NO,miRanda-Yes,0.8788532779894291,17.527183714802224
PCDHAC2,hsa-mir-29a,0.230772844,0.002186753,0.063454796,-0.753970975,0.002909448,0.075207315,targetprofiler-NO,targetscan-Yes,miRanda-NO,1.042795005728342,0.6267610535766585
DCUN1D1,hsa-mir-221,0.249734655,0.000889599,0.033979614,-0.795089412,0.001159295,0.04527045,targetprofiler-Yes,targetscan-Yes,miRanda-NO,1.0855965109072234,1.040139759054016
WDR6,hsa-mir-192,-0.219985391,0.003537493,0.087477117,0.752589489,0.002991744,0.07639542,targetprofiler-Yes,targetscan-NO,miRanda-NO,1.033800936671505,4.805360419397749
ENO2,hsa-mir-323,0.295006729,7.76E-05,0.005383487,-0.803606921,0.000934141,0.03995473,targetprofiler-NO,targetscan-Yes,miRanda-NO,1.5825861067723996,4.36624822122387
PSAT1,hsa-mir-429,-0.235820729,0.001732845,0.054066003,0.940916406,1.66E-06,0.000598508,targetprofiler-Yes,targetscan-NO,miRanda-Yes,4.751902466150251,23.40711344369769
TXNDC9,hsa-mir-570,0.225255725,0.002804308,0.075062751,-0.733149952,0.004352858,0.093159933,targetprofiler-NO,targetscan-Yes,miRanda-Yes,1.3446187350207575,3.4916791279717083
PARP11,hsa-mir-3154,0.236007945,0.001717796,0.053744961,-0.737764298,0.003993489,0.089211199,targetprofiler-NO,targetscan-Yes,miRanda-NO,0.5337534258787501,1.602176259774863
STRN3,hsa-mir-624,0.343934973,3.37E-06,0.000408963,-0.770010311,0.002076677,0.06254364,targetprofiler-NO,targetscan-NO,miRanda-Yes,0.8265646889310363,3.1276764659129657
MPP2,hsa-mir-301a,0.249518479,0.000899122,0.034241403,-0.826655246,0.000492876,0.02749776,targetprofiler-Yes,targetscan-NO,miRanda-NO,0.5022389478451342,7.013866246204878
PSMC3IP,hsa-mir-1976,-0.229282381,0.002340076,0.066401419,0.743816524,0.003557389,0.083786739,targetprofiler-NO,targetscan-Yes,miRanda-NO,2.1462550351866514,7.208242979238182
SRCIN1,hsa-mir-1266,-0.293001319,8.73E-05,0.005918624,0.768355785,0.002152736,0.063863258,targetprofiler-NO,targetscan-Yes,miRanda-NO,1.7762024130561478,8.331445046349769
ZBTB45,hsa-mir-766,-0.217766082,0.003894909,0.0931271,0.762543446,0.002437289,0.068443325,targetprofiler-NO,targetscan-NO,miRanda-Yes,1.0439922006205904,6.849591739593093
GNA12,hsa-mir-1269,0.297467332,6.71E-05,0.004796438,-0.757088377,0.002730197,0.072877822,targetprofiler-NO,targetscan-Yes,miRanda-NO,0.5419454912505053,628.4487553895624
CACNA1C,hsa-mir-149,0.283009036,0.000154396,0.009241635,-0.805846568,0.000881085,0.038644504,targetprofiler-Yes,targetscan-Yes,miRanda-NO,0.12325230260449055,2.942266434462708
MYCT1,hsa-mir-424,0.249427499,0.000903158,0.03434477,-0.887168555,5.25E-05,0.006625361,targetprofiler-NO,targetscan-Yes,miRanda-NO,0.09592814742632502,0.3071910605747866
SSRP1,hsa-mir-424,-0.218733802,0.003735243,0.090647683,0.82072662,0.000585879,0.030365279,targetprofiler-NO,targetscan-NO,miRanda-Yes,1.1750782341711223,0.3071910605747866
HERC3,hsa-mir-203,0.221361742,0.003330974,0.084131582,-0.746505497,0.003375903,0.081599272,targetprofiler-Yes,targetscan-NO,miRanda-NO,0.500978586608151,17.483124725142986
CCDC50,hsa-mir-222,0.260007176,0.000530639,0.023392845,-0.750964915,0.003090821,0.077742297,targetprofiler-Yes,targetscan-NO,miRanda-Yes,0.4321802966706069,1.4023572839989897
E2F1,hsa-mir-148a,-0.223775627,0.002994898,0.078437335,0.881966145,6.66E-05,0.007759898,targetprofiler-Yes,targetscan-NO,miRanda-Yes,13.668382601497242,2.465924830849087
PAFAH1B1,hsa-mir-206,0.260165795,0.000526336,0.023261856,-0.739915558,0.003833998,0.087364765,targetprofiler-Yes,targetscan-NO,miRanda-NO,0.6312376395824008,14.078774970194322
TMEM55A,hsa-mir-130b,0.343477632,3.48E-06,0.000420023,-0.747423787,0.003315597,0.080786644,targetprofiler-Yes,targetscan-NO,miRanda-NO,0.25272939162476293,19.085883470395167
PWP1,hsa-mir-130b,0.222094347,0.003225545,0.082320973,-0.794848336,0.001166235,0.045399634,targetprofiler-NO,targetscan-NO,miRanda-Yes,1.0529793899736433,19.085883470395167
NAV1,hsa-mir-488,0.239349948,0.001468443,0.048255386,-0.783562734,0.001529502,0.053008643,targetprofiler-NO,targetscan-Yes,miRanda-NO,1.4070250575487875,2.130414368750465
CUL2,hsa-mir-570,0.273488724,0.000260791,0.013767866,-0.870515678,0.00010825,0.010738704,targetprofiler-NO,targetscan-Yes,miRanda-NO,1.1795241189143055,3.4916791279717083
GTF2IRD2,hsa-mir-33a,-0.278880702,0.000194251,0.011017686,0.843441721,0.000291249,0.019995241,targetprofiler-Yes,targetscan-NO,miRanda-NO,0.5154222346386124,2.104098860159896
CIRBP,hsa-mir-1301,-0.215561649,0.004281793,0.099045724,0.857162796,0.000180805,0.014858697,targetprofiler-Yes,targetscan-NO,miRanda-NO,0.4846972313910214,9.58274904274554
GOLPH3L,hsa-mir-625,-0.277508787,0.000209489,0.011655963,0.773254906,0.001933618,0.060256808,targetprofiler-NO,targetscan-Yes,miRanda-NO,1.2363879780702884,2.9206499739284775
EXOC5,hsa-mir-3684,0.251197623,0.000827547,0.03228814,-0.747265648,0.003325922,0.080932376,targetprofiler-Yes,targetscan-Yes,miRanda-NO,0.9426114588089417,5.858205256113429
C20orf20,hsa-mir-34a,-0.274221654,0.000250643,0.013360619,0.811727069,0.000753008,0.035207702,targetprofiler-Yes,targetscan-NO,miRanda-NO,2.0791031662110884,2.052482437077747
TCEAL7,hsa-mir-206,0.373108885,3.97E-07,6.52E-05,-0.745875814,0.003417744,0.082079505,targetprofiler-NO,targetscan-NO,miRanda-Yes,0.06718147428797276,14.078774970194322
KIAA1244,hsa-mir-454,-0.253508175,0.000737605,0.029698766,0.761402298,0.002496437,0.069436597,targetprofiler-Yes,targetscan-NO,miRanda-NO,3.0042420017503373,4.535023590469095
C21orf91,hsa-mir-197,0.28542117,0.000134786,0.008306009,-0.809565768,0.000798246,0.036430059,targetprofiler-Yes,targetscan-Yes,miRanda-NO,0.8246618105799277,3.60373874809976
MAPRE2,hsa-mir-375,0.353507782,1.71E-06,0.000229158,-0.807290841,0.00084815,0.037757226,targetprofiler-NO,targetscan-Yes,miRanda-NO,0.4576590748991295,19.817239702832538
CANT1,hsa-mir-940,-0.228735399,0.002398748,0.06752828,0.842602735,0.000299428,0.020310527,targetprofiler-NO,targetscan-Yes,miRanda-NO,1.687358002692321,17.83052750213043
FBXO11,hsa-mir-338,0.2246541,0.002880413,0.076435235,-0.770592033,0.00205044,0.062132877,targetprofiler-NO,targetscan-Yes,miRanda-NO,0.6702461091323031,2.51946474159095
C20orf11,hsa-mir-497,-0.235910231,0.001725636,0.053920867,0.817841424,0.000635888,0.031891384,targetprofiler-Yes,targetscan-NO,miRanda-NO,1.2377423164223984,0.6162865945543899
IGF2BP2,hsa-mir-1976,-0.236918696,0.001646273,0.052225305,0.939440775,1.90E-06,0.000664463,targetprofiler-Yes,targetscan-NO,miRanda-NO,2.4890218868686427,7.208242979238182
TNK1,hsa-mir-130a,-0.252085707,0.000791846,0.031278592,0.834406629,0.000389332,0.023901853,targetprofiler-NO,targetscan-Yes,miRanda-NO,2.1008824702047644,1.8678639349727875
TMEFF1,hsa-mir-30e,0.225042702,0.002831045,0.075543806,-0.743894881,0.003551996,0.083728123,targetprofiler-Yes,targetscan-NO,miRanda-Yes,1.772263598117814,1.1501351699846931
AP4E1,hsa-mir-192,0.216177464,0.004170381,0.097316986,-0.768680288,0.00213765,0.06358507,targetprofiler-Yes,targetscan-NO,miRanda-NO,0.6197229947523221,4.805360419397749
KLHDC8A,hsa-let-7i,-0.215416665,0.00430841,0.099422761,0.901036459,2.62E-05,0.004184337,targetprofiler-Yes,targetscan-NO,miRanda-Yes,0.0955603141881555,1.1863892048125255
CNTLN,hsa-mir-130b,0.400252112,4.45E-08,9.47E-06,-0.746693567,0.003363483,0.081433238,targetprofiler-Yes,targetscan-NO,miRanda-NO,0.5017403621266131,19.085883470395167
ITPR3,hsa-mir-191,-0.355336517,1.50E-06,0.000204745,0.751859556,0.003035951,0.077060162,targetprofiler-NO,targetscan-Yes,miRanda-NO,2.7514855881623865,5.787033535510654
ZNF311,hsa-mir-34a,-0.26516334,0.000406167,0.0191937,0.736170194,0.004114942,0.090586155,targetprofiler-NO,targetscan-NO,miRanda-Yes,0.5278914940127567,2.052482437077747
KIAA1671,hsa-mir-598,-0.223846105,0.002985563,0.078293956,0.867061518,0.000124253,0.011687845,targetprofiler-NO,targetscan-Yes,miRanda-NO,0.8249142368777195,3.550765393779459
MGC16703,hsa-mir-3934,-0.239917873,0.001429516,0.047408146,0.740311319,0.003805201,0.087022447,targetprofiler-Yes,targetscan-NO,miRanda-NO,0.7131063387452344,10.586533989205867
ST6GALNAC3,hsa-mir-488,0.497460163,2.89E-12,1.41E-09,-0.802010436,0.000973471,0.040923694,targetprofiler-NO,targetscan-Yes,miRanda-NO,0.2519484429920714,2.130414368750465
KLHL24,hsa-mir-106b,0.247306705,0.001002084,0.036983921,-0.738080669,0.003969717,0.088935923,targetprofiler-Yes,targetscan-NO,miRanda-NO,1.2837795708608206,6.074124141264395
CDC25A,hsa-mir-2114,-0.238953743,0.001496171,0.048880018,0.938088619,2.14E-06,0.000720138,targetprofiler-NO,targetscan-Yes,miRanda-NO,9.852794435194113,0.6276514742950814
FBXO7,hsa-mir-191,-0.317386755,1.98E-05,0.001779445,0.862048903,0.00015078,0.013272393,targetprofiler-NO,targetscan-NO,miRanda-Yes,0.7845947471377644,5.787033535510654
ETNK2,hsa-mir-942,-0.219016416,0.003689739,0.089895051,0.796711342,0.00111344,0.044225877,targetprofiler-NO,targetscan-NO,miRanda-Yes,0.8039602742135268,6.121982068658302
QSOX1,hsa-mir-19a,-0.225355013,0.002791925,0.074856396,0.762918013,0.002418114,0.068160396,targetprofiler-Yes,targetscan-NO,miRanda-NO,1.9654770129307306,4.2694810680782505
DGCR2,hsa-mir-148b,-0.286579371,0.000126221,0.00789001,0.749480938,0.00318353,0.079061478,targetprofiler-Yes,targetscan-NO,miRanda-NO,1.1200824245570262,4.320837199715513
PRRG1,hsa-mir-221,0.413682928,1.40E-08,3.38E-06,-0.742042785,0.003681176,0.085444751,targetprofiler-Yes,targetscan-NO,miRanda-NO,0.6583509943347938,1.040139759054016
LRRC16A,hsa-mir-186,-0.215940952,0.004212858,0.097940669,0.767058579,0.002213873,0.064895677,targetprofiler-NO,targetscan-Yes,miRanda-NO,1.792075320468023,2.158676563649284
DDAH1,hsa-mir-935,-0.219954458,0.003542265,0.087550313,0.830618418,0.000437522,0.025633534,targetprofiler-Yes,targetscan-Yes,miRanda-NO,1.3724487694687058,6.783766027621457
ARFIP2,hsa-mir-130a,-0.227751134,0.002507697,0.069572277,0.728126477,0.004771929,0.097795066,targetprofiler-NO,targetscan-Yes,miRanda-NO,1.5428799529257118,1.8678639349727875
UCKL1,hsa-mir-34a,-0.249208234,0.000912953,0.03461129,0.802057455,0.000972294,0.040904936,targetprofiler-Yes,targetscan-NO,miRanda-NO,1.5987332945982435,2.052482437077747
FUK,hsa-mir-222,-0.227272163,0.002562321,0.070592409,0.928325232,4.69E-06,0.001266245,targetprofiler-NO,targetscan-NO,miRanda-Yes,1.468698878569366,1.4023572839989897
ZC3H7B,hsa-mir-26b,-0.224984307,0.002838414,0.075671179,0.728707956,0.004721892,0.097241045,targetprofiler-Yes,targetscan-NO,miRanda-NO,0.6767479771368926,1.225791860127176
AP4S1,hsa-mir-766,0.227578957,0.00252721,0.069942861,-0.846325495,0.000264479,0.018834795,targetprofiler-Yes,targetscan-Yes,miRanda-NO,0.6614734608047872,6.849591739593093
TMC7,hsa-mir-561,0.245352295,0.001101954,0.039532509,-0.809352945,0.000802814,0.036543727,targetprofiler-NO,targetscan-Yes,miRanda-NO,1.4698759004262112,2.3531554648475477
GLI3,hsa-mir-206,0.229016807,0.002368398,0.066947138,-0.759250053,0.002611028,0.071205886,targetprofiler-NO,targetscan-NO,miRanda-Yes,0.19732086590336487,14.078774970194322
LLGL2,hsa-mir-130b,-0.314632133,2.36E-05,0.002055875,0.888029058,5.04E-05,0.006456227,targetprofiler-NO,targetscan-NO,miRanda-Yes,4.041853581015704,19.085883470395167
ZNF568,hsa-mir-598,0.243240174,0.001220079,0.042497198,-0.736551486,0.004085636,0.090278749,targetprofiler-NO,targetscan-Yes,miRanda-Yes,0.4904178110425828,3.550765393779459
C1orf216,hsa-mir-3127,0.353307653,1.74E-06,0.000231986,-0.745541557,0.003440117,0.082347114,targetprofiler-Yes,targetscan-NO,miRanda-NO,0.6155912966407563,6.383521277588845
GPR176,hsa-mir-17,0.228316838,0.002444543,0.068434703,-0.726228492,0.004938102,0.099557675,targetprofiler-Yes,targetscan-Yes,miRanda-NO,0.32926735276047475,4.837571132220166
AMPD3,hsa-mir-301b,-0.219697505,0.003582124,0.088201024,0.813520954,0.000717017,0.034235072,targetprofiler-Yes,targetscan-NO,miRanda-Yes,0.9943814074668004,33.18614714687045
QKI,hsa-mir-27b,0.259940436,0.00053246,0.023444091,-0.731492375,0.004487864,0.094669398,targetprofiler-Yes,targetscan-NO,miRanda-NO,0.4495882815301403,0.6863745192850474
KIF12,hsa-mir-183,-0.242225798,0.001280835,0.043938169,0.766264312,0.002251969,0.065466865,targetprofiler-NO,targetscan-NO,miRanda-Yes,2.35870517615403,97.4667603609174
IGSF8,hsa-mir-624,-0.239571702,0.00145313,0.047946759,0.798562001,0.001062872,0.043052847,targetprofiler-Yes,targetscan-NO,miRanda-NO,2.5980197477465197,3.1276764659129657
TCTA,hsa-mir-17,-0.22900355,0.00236982,0.066972974,0.751473645,0.003059526,0.077359533,targetprofiler-NO,targetscan-Yes,miRanda-NO,1.003188736121304,4.837571132220166
PTPN3,hsa-mir-598,-0.283672337,0.000148753,0.008972747,0.937646605,2.22E-06,0.000741014,targetprofiler-Yes,targetscan-Yes,miRanda-NO,1.989747194043888,3.550765393779459
SFXN1,hsa-mir-195,-0.304851873,4.31E-05,0.003354083,0.844596963,0.000280278,0.019542317,targetprofiler-Yes,targetscan-NO,miRanda-NO,1.9292840013923573,0.3979244259740412
NECAB1,hsa-mir-1269,0.240488512,0.001391355,0.04653616,-0.772290011,0.001975332,0.060911422,targetprofiler-NO,targetscan-Yes,miRanda-NO,0.10522893180117801,628.4487553895624
RBPMS,hsa-mir-30a,0.448163763,5.61E-10,1.85E-07,-0.802593613,0.000958956,0.040583536,targetprofiler-Yes,targetscan-NO,miRanda-NO,0.29742786733548515,2.153347574962937
EIF5A2,hsa-mir-592,0.220367017,0.003479104,0.086545699,-0.792531683,0.001234607,0.046890324,targetprofiler-NO,targetscan-Yes,miRanda-NO,0.5007607522902163,22.9775459082723
ENO2,hsa-mir-377,0.238628354,0.001519299,0.049394295,-0.731763795,0.004465539,0.094456254,targetprofiler-NO,targetscan-Yes,miRanda-NO,1.5825861067723996,0.48007213030054724
TMC4,hsa-mir-744,-0.247843024,0.000976169,0.036304483,0.812252724,0.000742317,0.034917488,targetprofiler-NO,targetscan-Yes,miRanda-Yes,1.6589744004709617,4.747342455306074
RNF115,hsa-mir-181d,0.35137102,1.99E-06,0.000261408,-0.861279467,0.000155223,0.013504826,targetprofiler-Yes,targetscan-NO,miRanda-NO,0.9187128820887097,3.9270870154962125
WDR77,hsa-mir-31,-0.22360331,0.003017831,0.078810917,0.773850946,0.001908196,0.059792856,targetprofiler-Yes,targetscan-NO,miRanda-NO,0.9643484306188125,9.331863453382136
CDS1,hsa-mir-301b,-0.240481814,0.001391797,0.046544312,0.844470009,0.000281468,0.019592154,targetprofiler-NO,targetscan-NO,miRanda-Yes,1.319300460600013,33.18614714687045
MRPL3,hsa-mir-190b,-0.250189573,0.00086986,0.033428943,0.929797409,4.20E-06,0.001165164,targetprofiler-NO,targetscan-NO,miRanda-Yes,1.7459136413141865,2.9976020190033585
ADAR,hsa-mir-338,0.221434619,0.003320349,0.083954305,-0.729700605,0.004637408,0.096330453,targetprofiler-NO,targetscan-Yes,miRanda-NO,1.4453577708211711,2.51946474159095
GSTK1,hsa-mir-130b,-0.293759896,8.35E-05,0.00571092,0.886547282,5.40E-05,0.00675179,targetprofiler-NO,targetscan-NO,miRanda-Yes,1.4794032901745473,19.085883470395167
FAM126A,hsa-mir-331,0.312134777,2.75E-05,0.002332379,-0.817701445,0.000638398,0.031970886,targetprofiler-NO,targetscan-Yes,miRanda-NO,0.4855409393572949,4.229856503633766
ARV1,hsa-mir-30a,-0.222426714,0.003178715,0.08157298,0.849961736,0.000233553,0.017489903,targetprofiler-NO,targetscan-NO,miRanda-Yes,1.4725142866289413,2.153347574962937
CDK20,hsa-mir-3127,-0.245019028,0.001119868,0.03998899,0.815394153,0.000680897,0.033228908,targetprofiler-Yes,targetscan-NO,miRanda-NO,0.972754429347462,6.383521277588845
JAK2,hsa-mir-155,0.217223265,0.003987136,0.09454323,-0.739935878,0.003832515,0.087347418,targetprofiler-Yes,targetscan-Yes,miRanda-Yes,0.407716624467692,7.126089696518194
H2AFV,hsa-mir-345,0.277359021,0.000211219,0.011728233,-0.788349746,0.00136596,0.049716996,targetprofiler-NO,targetscan-Yes,miRanda-NO,1.0814410054257386,9.894574336501934
KLHL29,hsa-mir-203,0.272104058,0.00028101,0.014586519,-0.755738834,0.00280671,0.07389941,targetprofiler-Yes,targetscan-NO,miRanda-NO,0.6929900131701356,17.483124725142986
GOLT1B,hsa-mir-570,0.246945093,0.001019911,0.037431003,-0.730963154,0.004531641,0.095205866,targetprofiler-NO,targetscan-Yes,miRanda-Yes,1.2437609865056465,3.4916791279717083
FMOD,hsa-mir-590,-0.250379253,0.000861749,0.033225084,0.78626469,0.001435415,0.051181319,targetprofiler-NO,targetscan-Yes,miRanda-NO,0.30026415058215034,3.236103055737781
WWP2,hsa-mir-31,-0.21853695,0.003767235,0.091172712,0.745328329,0.003454448,0.082517768,targetprofiler-Yes,targetscan-Yes,miRanda-NO,0.7211202176546125,9.331863453382136
DBN1,hsa-mir-17,0.297992858,6.51E-05,0.004678817,-0.804965206,0.000901673,0.039127892,targetprofiler-Yes,targetscan-NO,miRanda-NO,1.8226213104537907,4.837571132220166
QKI,hsa-mir-206,0.344796478,3.18E-06,0.000388614,-0.824237433,0.000529275,0.028671122,targetprofiler-Yes,targetscan-NO,miRanda-NO,0.4495882815301403,14.078774970194322
AMPD2,hsa-mir-34a,-0.223082437,0.003088123,0.080020296,0.794699225,0.001170544,0.045486954,targetprofiler-Yes,targetscan-NO,miRanda-Yes,0.9843322951744446,2.052482437077747
KDELC1,hsa-mir-106b,0.2603375,0.000521713,0.023106003,-0.815364058,0.000681466,0.033245498,targetprofiler-NO,targetscan-NO,miRanda-Yes,0.7399023792594734,6.074124141264395
QSOX1,hsa-mir-942,-0.240349794,0.001400545,0.04674172,0.834331976,0.000390239,0.023942865,targetprofiler-NO,targetscan-Yes,miRanda-NO,1.9654770129307306,6.121982068658302
TJP2,hsa-mir-377,-0.217066142,0.004014196,0.094961193,0.8800447,7.25E-05,0.008202603,targetprofiler-NO,targetscan-Yes,miRanda-NO,1.0715866821075584,0.48007213030054724
OSTF1,hsa-mir-561,0.239197008,0.00147909,0.048479796,-0.789780669,0.00131984,0.048674762,targetprofiler-Yes,targetscan-Yes,miRanda-Yes,1.505755533022741,2.3531554648475477
GSTK1,hsa-mir-301b,-0.319024036,1.78E-05,0.001634482,0.849492325,0.000237375,0.01765995,targetprofiler-NO,targetscan-NO,miRanda-Yes,1.4794032901745473,33.18614714687045
RABL2B,hsa-mir-3127,-0.256884745,0.000622261,0.026275552,0.754852474,0.002857862,0.07454765,targetprofiler-Yes,targetscan-NO,miRanda-NO,0.8589395016566647,6.383521277588845
FAM126A,hsa-mir-3074,0.476735949,2.93E-11,1.22E-08,-0.805505321,0.000889012,0.038833602,targetprofiler-Yes,targetscan-NO,miRanda-NO,0.4855409393572949,13.25498713084921
SGSM1,hsa-mir-1266,-0.215615966,0.00427186,0.098893743,0.751684431,0.003046632,0.077192396,targetprofiler-NO,targetscan-Yes,miRanda-NO,0.44667337159405257,8.331445046349769
UTP15,hsa-mir-942,0.218374372,0.003793844,0.091616373,-0.822422106,0.000557975,0.029526726,targetprofiler-NO,targetscan-Yes,miRanda-NO,1.289192881131245,6.121982068658302
SNTB2,hsa-mir-149,0.217750578,0.003897516,0.093171496,-0.755880885,0.002798579,0.073790045,targetprofiler-NO,targetscan-Yes,miRanda-NO,0.4207396056711309,2.942266434462708
PLAG1,hsa-mir-34a,-0.246803281,0.001026982,0.037614,0.903897936,2.24E-05,0.003768825,targetprofiler-Yes,targetscan-NO,miRanda-NO,0.7166671616865644,2.052482437077747
MGAT4B,hsa-mir-145,-0.272290844,0.0002782,0.014479028,0.824326426,0.000527898,0.028618813,targetprofiler-NO,targetscan-Yes,miRanda-NO,1.9569761269328676,0.1766932822791044
TCF7L1,hsa-mir-301b,0.304191124,4.49E-05,0.00346168,-0.810646287,0.00077537,0.035831271,targetprofiler-Yes,targetscan-NO,miRanda-NO,1.2255599519927367,33.18614714687045
SAMD12,hsa-mir-1266,-0.221134575,0.003364292,0.08470695,0.849755866,0.000235223,0.017553783,targetprofiler-NO,targetscan-Yes,miRanda-NO,1.3374892740225448,8.331445046349769
MACF1,hsa-mir-203,0.269752892,0.00031871,0.016035386,-0.826873549,0.000489689,0.027377697,targetprofiler-Yes,targetscan-NO,miRanda-NO,0.35460678616565994,17.483124725142986
USP13,hsa-mir-183,0.30776848,3.61E-05,0.002897691,-0.750178829,0.003139666,0.078465295,targetprofiler-NO,targetscan-Yes,miRanda-NO,0.8429654925784167,97.4667603609174
HOOK3,hsa-mir-424,0.558473064,1.11E-15,8.89E-13,-0.735252888,0.004186113,0.091367483,targetprofiler-NO,targetscan-Yes,miRanda-NO,0.8154560792641999,0.3071910605747866
CCDC88A,hsa-mir-488,0.306376589,3.93E-05,0.003108792,-0.758715503,0.002640113,0.071631017,targetprofiler-NO,targetscan-Yes,miRanda-NO,0.6115889243983231,2.130414368750465
PMM1,hsa-mir-1292,-0.227925474,0.002488078,0.06920862,0.753659188,0.002927866,0.07545106,targetprofiler-Yes,targetscan-Yes,miRanda-NO,0.9314235743260312,9.091055533635716
RBMS3,hsa-mir-1269,0.444683498,7.89E-10,2.53E-07,-0.740630536,0.003782096,0.086743835,targetprofiler-Yes,targetscan-Yes,miRanda-NO,0.3080146076244359,628.4487553895624
AP1S2,hsa-mir-181c,0.237769546,0.001581919,0.050846397,-0.763329038,0.002397208,0.067858064,targetprofiler-Yes,targetscan-NO,miRanda-NO,0.43250676092016976,3.721609893771577
PAK2,hsa-mir-1306,0.218107475,0.003837893,0.092263359,-0.728252514,0.004761049,0.097650832,targetprofiler-Yes,targetscan-Yes,miRanda-NO,1.2026267632044993,3.0863864579469333
MAN1A1,hsa-mir-488,0.219947025,0.003543412,0.087567278,-0.747017363,0.003342184,0.081162261,targetprofiler-NO,targetscan-Yes,miRanda-NO,0.41557510433810335,2.130414368750465
TXK,hsa-mir-222,-0.223387638,0.003046759,0.079286544,0.744588708,0.003504518,0.083161506,targetprofiler-Yes,targetscan-NO,miRanda-NO,1.8874896068236144,1.4023572839989897
THOP1,hsa-mir-130a,-0.21562166,0.00427082,0.098879907,0.750427541,0.003124148,0.078244659,targetprofiler-NO,targetscan-NO,miRanda-Yes,2.2519525684743624,1.8678639349727875
PAK2,hsa-mir-676,0.241023198,0.001356445,0.045720591,-0.793066869,0.001218539,0.046552779,targetprofiler-NO,targetscan-Yes,miRanda-NO,1.2026267632044993,2.7706275978503245
ARHGEF15,hsa-mir-497,0.292267321,9.11E-05,0.006121502,-0.746785504,0.003357425,0.08135292,targetprofiler-Yes,targetscan-NO,miRanda-NO,0.1670418745063325,0.6162865945543899
CAMK1,hsa-mir-3652,0.257431248,0.000605239,0.025742067,-0.750100329,0.003144576,0.078531615,targetprofiler-Yes,targetscan-NO,miRanda-NO,0.49331161975903176,12.07347467486335
PRRG4,hsa-mir-301b,-0.233564906,0.001923864,0.058122171,0.760916661,0.002521945,0.069846668,targetprofiler-Yes,targetscan-NO,miRanda-Yes,1.7393609891083364,33.18614714687045
HOMER2,hsa-mir-30a,-0.24009154,0.001417802,0.047127631,0.922482874,7.14E-06,0.001699679,targetprofiler-NO,targetscan-NO,miRanda-Yes,5.437441958719383,2.153347574962937
ELOVL4,hsa-mir-185,0.250802742,0.000843891,0.03271946,-0.844834265,0.000278066,0.019439185,targetprofiler-NO,targetscan-Yes,miRanda-NO,0.9075443597917124,5.378627286626515
NEIL2,hsa-mir-30a,-0.394816845,7.00E-08,1.42E-05,0.768874902,0.002128642,0.06345221,targetprofiler-Yes,targetscan-NO,miRanda-NO,0.9331385099733746,2.153347574962937
MLKL,hsa-mir-664,0.263414885,0.000444974,0.020560566,-0.753970145,0.002909497,0.075207315,targetprofiler-NO,targetscan-Yes,miRanda-NO,0.831291813656984,1.338592981555546
NPEPL1,hsa-mir-744,-0.228322703,0.002443896,0.068421727,0.735269719,0.004184798,0.091363322,targetprofiler-NO,targetscan-NO,miRanda-Yes,1.3549554972680817,4.747342455306074
C6orf97,hsa-mir-3934,-0.227345303,0.00255391,0.07043078,0.906992674,1.89E-05,0.003343377,targetprofiler-Yes,targetscan-NO,miRanda-NO,0.4788969071565936,10.586533989205867
RUNDC1,hsa-mir-3652,-0.221091934,0.003370579,0.084800149,0.810114833,0.000786556,0.036108738,targetprofiler-Yes,targetscan-NO,miRanda-NO,0.8639361532314969,12.07347467486335
ZNF33B,hsa-mir-579,-0.246761306,0.001029083,0.037669342,0.776972011,0.001779308,0.057656417,targetprofiler-NO,targetscan-Yes,miRanda-NO,0.7969125934436228,5.324559872375967
ADCY4,hsa-mir-424,0.339916659,4.46E-06,0.000516968,-0.78482312,0.001485031,0.052132489,targetprofiler-Yes,targetscan-NO,miRanda-NO,0.22874508058257875,0.3071910605747866
SYNGR2,hsa-mir-488,-0.222062571,0.003230054,0.082389019,0.727910581,0.004790611,0.098005399,targetprofiler-NO,targetscan-Yes,miRanda-NO,1.9362288462399264,2.130414368750465
KIAA0513,hsa-mir-624,0.216612636,0.004093229,0.096183273,-0.757709475,0.002695534,0.072374876,targetprofiler-Yes,targetscan-Yes,miRanda-NO,0.6855643577344781,3.1276764659129657
LDHD,hsa-let-7c,-0.238509568,0.001527824,0.049581159,0.765880033,0.002270583,0.065770142,targetprofiler-NO,targetscan-NO,miRanda-Yes,0.9637761289030083,0.40950614419512427
NBL1,hsa-mir-874,-0.229551826,0.002311656,0.065865597,0.746428968,0.003380967,0.081637479,targetprofiler-NO,targetscan-Yes,miRanda-NO,0.2498737867542248,2.9529181304491416
CDS1,hsa-mir-130b,-0.291337079,9.61E-05,0.006382931,0.725797148,0.004976481,0.099931098,targetprofiler-NO,targetscan-NO,miRanda-Yes,1.319300460600013,19.085883470395167
PRNP,hsa-mir-130b,0.241281019,0.0013399,0.045353083,-0.729323096,0.004669399,0.096674374,targetprofiler-Yes,targetscan-NO,miRanda-NO,0.22800140187938941,19.085883470395167
C16orf58,hsa-mir-331,-0.243303894,0.001216352,0.042411887,0.72620356,0.004940314,0.099572596,targetprofiler-NO,targetscan-Yes,miRanda-NO,1.0224262850465187,4.229856503633766
NXPH3,hsa-mir-592,0.418880309,8.80E-09,2.24E-06,-0.748439708,0.003249856,0.079957068,targetprofiler-NO,targetscan-Yes,miRanda-NO,0.06948503096434565,22.9775459082723
DEK,hsa-mir-335,0.258567169,0.000571224,0.024695787,-0.785067399,0.00147653,0.051950985,targetprofiler-Yes,targetscan-Yes,miRanda-NO,0.9971255679403207,3.750540495962203
CYB5D2,hsa-mir-551a,-0.258083951,0.000585472,0.025151218,0.806408463,0.000868154,0.038309437,targetprofiler-NO,targetscan-NO,miRanda-Yes,0.6929778001412421,4.170806786041075
EPM2A,hsa-mir-301a,0.225311052,0.002797402,0.074952257,-0.760723506,0.002532147,0.07002456,targetprofiler-Yes,targetscan-NO,miRanda-NO,0.2911605734696065,7.013866246204878
ATP13A2,hsa-mir-222,-0.250598423,0.000852464,0.032958294,0.730195713,0.004595707,0.09589345,targetprofiler-NO,targetscan-NO,miRanda-Yes,2.630427652831359,1.4023572839989897
MAPRE1,hsa-mir-17,0.26811601,0.000347671,0.017107154,-0.762521008,0.002438441,0.068462456,targetprofiler-Yes,targetscan-Yes,miRanda-NO,1.015975160600831,4.837571132220166
GDAP1,hsa-mir-452,0.25177997,0.000803974,0.031635726,-0.736743995,0.004070901,0.090081916,targetprofiler-NO,targetscan-Yes,miRanda-NO,0.633389393823977,3.2761858362344825
SEPT11,hsa-mir-345,0.25348704,0.000738385,0.029721614,-0.744690268,0.00349761,0.083073748,targetprofiler-NO,targetscan-Yes,miRanda-NO,0.796194623,9.894574336501934
MAPRE1,hsa-mir-3127,0.315465522,2.23E-05,0.001972699,-0.748865754,0.003222589,0.079574533,targetprofiler-Yes,targetscan-NO,miRanda-NO,1.015975160600831,6.383521277588845
TMC4,hsa-mir-766,-0.229761629,0.002289744,0.065443382,0.791307803,0.001271975,0.047688977,targetprofiler-NO,targetscan-Yes,miRanda-NO,1.6589744004709617,6.849591739593093
POLDIP3,hsa-mir-664,-0.332251551,7.50E-06,0.000797615,0.804255102,0.000918534,0.039554236,targetprofiler-NO,targetscan-Yes,miRanda-NO,0.6665276126003412,1.338592981555546
DSTYK,hsa-mir-130b,0.218133766,0.003833534,0.092194262,-0.734405212,0.004252722,0.092031141,targetprofiler-Yes,targetscan-NO,miRanda-NO,0.5460211901403941,19.085883470395167
PITPNB,hsa-mir-192,0.217645888,0.003915163,0.093421464,-0.782831124,0.00155579,0.053523418,targetprofiler-NO,targetscan-Yes,miRanda-NO,0.9016824145288787,4.805360419397749
QKI,hsa-mir-488,0.324350204,1.26E-05,0.001229848,-0.800824525,0.001003521,0.041670981,targetprofiler-NO,targetscan-Yes,miRanda-NO,0.4495882815301403,2.130414368750465
MLPH,hsa-mir-31,-0.219653392,0.003589007,0.088283579,0.878914599,7.61E-05,0.008477688,targetprofiler-NO,targetscan-Yes,miRanda-NO,3.315202864965123,9.331863453382136
HOXB5,hsa-mir-222,-0.233179539,0.00195835,0.05882842,0.861683193,0.000152879,0.013379852,targetprofiler-Yes,targetscan-NO,miRanda-NO,3.8255141243551862,1.4023572839989897
LDLRAD3,hsa-mir-130b,0.328204507,9.82E-06,0.000996846,-0.797807504,0.001083265,0.043558357,targetprofiler-Yes,targetscan-NO,miRanda-NO,0.8776529217121287,19.085883470395167
PDE10A,hsa-mir-3615,0.276061696,0.000226764,0.012384041,-0.728701047,0.004722484,0.097244171,targetprofiler-NO,targetscan-Yes,miRanda-NO,0.18281247797446226,7.894722239384563
RGNEF,hsa-mir-197,-0.232031923,0.002064407,0.061002464,0.836841249,0.000360653,0.022771823,targetprofiler-Yes,targetscan-NO,miRanda-NO,0.4862536290638254,3.60373874809976
LRRC16A,hsa-mir-26b,-0.262627467,0.000463547,0.021171862,0.772824143,0.001952154,0.060578623,targetprofiler-Yes,targetscan-NO,miRanda-NO,1.792075320468023,1.225791860127176
ARHGEF5,hsa-mir-130b,-0.216542802,0.004105523,0.096389041,0.730704721,0.004553137,0.095404531,targetprofiler-Yes,targetscan-NO,miRanda-NO,2.4031166343337835,19.085883470395167
GDA,hsa-mir-301a,-0.234801417,0.001816909,0.055875957,0.761269229,0.002503407,0.069542064,targetprofiler-Yes,targetscan-NO,miRanda-NO,8.1731656754304,7.013866246204878
ZC3H7B,hsa-mir-191,-0.294037193,8.21E-05,0.005639245,0.745677812,0.003430983,0.082227591,targetprofiler-Yes,targetscan-NO,miRanda-NO,0.6767479771368926,5.787033535510654
TWSG1,hsa-mir-130a,0.414009716,1.36E-08,3.29E-06,-0.74790916,0.003284061,0.080420864,targetprofiler-NO,targetscan-Yes,miRanda-NO,0.4921754329324501,1.8678639349727875
HNF1B,hsa-mir-200c,-0.222287839,0.003198207,0.081903886,0.829495663,0.000452676,0.026129824,targetprofiler-NO,targetscan-Yes,miRanda-NO,2.4979740534280332,16.07749418239469
NECAP2,hsa-mir-328,-0.216463421,0.004119538,0.096578996,0.76050064,0.002543957,0.07020504,targetprofiler-Yes,targetscan-NO,miRanda-Yes,1.0184924208990949,1.0888463595085138
AP3D1,hsa-mir-222,-0.292997535,8.73E-05,0.005919208,0.767936292,0.002172361,0.06417876,targetprofiler-NO,targetscan-NO,miRanda-Yes,1.2471058845027834,1.4023572839989897
NEIL1,hsa-mir-1301,-0.245541264,0.001091914,0.039282041,0.75724334,0.002721517,0.072747226,targetprofiler-Yes,targetscan-NO,miRanda-NO,1.1746086928366266,9.58274904274554
CIB1,hsa-mir-130b,-0.232368094,0.002032811,0.060373776,0.735960726,0.004131111,0.090750176,targetprofiler-NO,targetscan-NO,miRanda-Yes,1.973958427190699,19.085883470395167
DHX32,hsa-mir-186,-0.276847577,0.000217225,0.011987849,0.833837269,0.000396292,0.024181547,targetprofiler-NO,targetscan-Yes,miRanda-NO,1.3626841009197652,2.158676563649284
GPR125,hsa-mir-1266,-0.287991318,0.000116467,0.007418663,0.786935712,0.001412768,0.050720025,targetprofiler-Yes,targetscan-NO,miRanda-NO,0.916187327031158,8.331445046349769
PHTF2,hsa-mir-488,0.259969011,0.00053168,0.023426626,-0.839827716,0.00032779,0.021498331,targetprofiler-NO,targetscan-Yes,miRanda-NO,0.9330595973555885,2.130414368750465
TUBGCP3,hsa-mir-130b,0.318211201,1.88E-05,0.001705862,-0.763282358,0.002399575,0.067890685,targetprofiler-NO,targetscan-NO,miRanda-Yes,0.6063311052456128,19.085883470395167
LDLRAD3,hsa-mir-3154,0.334575673,6.41E-06,0.00069902,-0.756040498,0.002789464,0.07366374,targetprofiler-NO,targetscan-Yes,miRanda-NO,0.8776529217121287,1.602176259774863
SNX5,hsa-mir-664,-0.223195529,0.003072737,0.079737862,0.733812772,0.004299759,0.092633995,targetprofiler-NO,targetscan-Yes,miRanda-NO,1.1339041625320512,1.338592981555546
TTLL7,hsa-mir-592,0.259760258,0.000537403,0.023610928,-0.766279922,0.002251216,0.065460268,targetprofiler-NO,targetscan-Yes,miRanda-NO,0.5863132798790031,22.9775459082723
MTMR9,hsa-mir-210,0.273907172,0.000254951,0.013531853,-0.744465572,0.003512908,0.083272705,targetprofiler-NO,targetscan-Yes,miRanda-NO,0.5390246724067135,17.527183714802224
PRTFDC1,hsa-mir-598,0.217287752,0.003976077,0.094399204,-0.801939011,0.000975261,0.040979955,targetprofiler-NO,targetscan-NO,miRanda-Yes,1.0299179018072027,3.550765393779459
SPHK2,hsa-let-7b,-0.223042168,0.003093618,0.080123311,0.814200248,0.000703748,0.033861298,targetprofiler-Yes,targetscan-NO,miRanda-NO,1.7957707331486366,1.0139245053538404
TRAK1,hsa-mir-1266,-0.281125778,0.000171523,0.010017912,0.843354578,0.00029209,0.020030279,targetprofiler-Yes,targetscan-Yes,miRanda-NO,1.501192656944368,8.331445046349769
GPRC5C,hsa-mir-744,-0.228212974,0.002456029,0.068677901,0.771938924,0.001990683,0.061146035,targetprofiler-NO,targetscan-NO,miRanda-Yes,2.1469157737591797,4.747342455306074
ZNF74,hsa-mir-148b,-0.21608509,0.004186925,0.097560165,0.771908127,0.001992034,0.061174601,targetprofiler-Yes,targetscan-NO,miRanda-NO,1.5484708980846293,4.320837199715513
FYTTD1,hsa-mir-3928,0.25674052,0.000626826,0.026416242,-0.761844244,0.002473399,0.069049045,targetprofiler-NO,targetscan-Yes,miRanda-NO,0.8324987457709544,4.659515192608541
RMI1,hsa-mir-30a,-0.26373752,0.000437564,0.020309722,0.726866034,0.004881795,0.098992801,targetprofiler-Yes,targetscan-NO,miRanda-NO,2.223396521331675,2.153347574962937
ANKRD13A,hsa-mir-30a,0.31012023,3.12E-05,0.002580483,-0.803787962,0.000929761,0.039849339,targetprofiler-Yes,targetscan-NO,miRanda-NO,0.8808584658751832,2.153347574962937
FAM136A,hsa-mir-95,-0.224999259,0.002836526,0.075629854,0.888329713,4.97E-05,0.006395918,targetprofiler-NO,targetscan-Yes,miRanda-NO,3.2219606577104383,4.880472142091551
EML1,hsa-mir-337,0.229264939,0.002341927,0.066437536,-0.731598551,0.004479121,0.094591019,targetprofiler-NO,targetscan-Yes,miRanda-NO,0.4213448070460165,0.6943465480424431
BMX,hsa-mir-503,0.545480854,7.11E-15,5.21E-12,-0.754974256,0.002850791,0.07445533,targetprofiler-NO,targetscan-NO,miRanda-Yes,1.0346391058510456,0.786128355316889
ETS1,hsa-mir-505,0.270251544,0.000310343,0.015719145,-0.736569348,0.004084267,0.090252977,targetprofiler-NO,targetscan-Yes,miRanda-NO,0.38050761756518015,2.66249465348998
ZNF285,hsa-mir-34a,-0.269021251,0.000331367,0.016500654,0.909249469,1.66E-05,0.003048436,targetprofiler-Yes,targetscan-NO,miRanda-NO,0.6542144738615425,2.052482437077747
FAM20B,hsa-mir-135b,0.229227978,0.002345853,0.066510073,-0.832699588,0.000410496,0.0247141,targetprofiler-Yes,targetscan-NO,miRanda-NO,0.6793258619126736,14.708121358358433
STX12,hsa-mir-148a,0.219458706,0.003619529,0.088785743,-0.737318204,0.004027193,0.089575801,targetprofiler-Yes,targetscan-NO,miRanda-NO,0.5076021851013189,2.465924830849087
KCMF1,hsa-mir-1301,0.253081809,0.000753493,0.0301515,-0.7387914,0.003916714,0.088303808,targetprofiler-NO,targetscan-Yes,miRanda-NO,1.2900469759393514,9.58274904274554
SLC38A10,hsa-mir-760,-0.237422757,0.001607866,0.051403874,0.824964926,0.000518106,0.028309755,targetprofiler-Yes,targetscan-NO,miRanda-NO,1.299225827122018,7.900018950945542
FYTTD1,hsa-mir-221,0.458789743,1.93E-10,6.98E-08,-0.773831294,0.00190903,0.059802231,targetprofiler-NO,targetscan-Yes,miRanda-NO,0.8324987457709544,1.040139759054016
CNDP2,hsa-mir-598,-0.244756571,0.001134163,0.040356283,0.920832737,7.99E-06,0.001833201,targetprofiler-NO,targetscan-Yes,miRanda-NO,1.621449433028346,3.550765393779459
NAPEPLD,hsa-mir-3157,-0.235540607,0.001755586,0.054557701,0.858766704,0.000170467,0.01432623,targetprofiler-Yes,targetscan-NO,miRanda-NO,0.6498440312194983,1.5487457034134329
ACAP2,hsa-mir-106b,0.238473199,0.001530442,0.049641028,-0.919449418,8.77E-06,0.00194942,targetprofiler-Yes,targetscan-NO,miRanda-NO,0.715007231730077,6.074124141264395
FAM118B,hsa-mir-181c,0.481470712,1.75E-11,7.53E-09,-0.818875958,0.000617584,0.031382539,targetprofiler-Yes,targetscan-NO,miRanda-NO,1.3193760003698478,3.721609893771577
COMMD2,hsa-mir-185,0.324382163,1.26E-05,0.001227611,-0.806588219,0.000864049,0.038193067,targetprofiler-NO,targetscan-Yes,miRanda-NO,0.9552091258769203,5.378627286626515
SF3B2,hsa-mir-664,-0.333900388,6.71E-06,0.000726918,0.835766699,0.000373096,0.023264358,targetprofiler-NO,targetscan-Yes,miRanda-NO,0.9820716554279648,1.338592981555546
CCNYL1,hsa-mir-579,0.223295867,0.003059144,0.079508842,-0.776846619,0.001784351,0.057756013,targetprofiler-NO,targetscan-Yes,miRanda-NO,1.4414118242901222,5.324559872375967
ZC3H12B,hsa-mir-130b,0.232253275,0.002043553,0.060586516,-0.747400824,0.003317095,0.080812297,targetprofiler-Yes,targetscan-NO,miRanda-NO,0.21191840792448716,19.085883470395167
CD2AP,hsa-mir-96,-0.234682958,0.001826915,0.056083745,0.758845277,0.002633029,0.071537322,targetprofiler-Yes,targetscan-Yes,miRanda-NO,1.8080587881936465,54.863647456482596
PPP2R3C,hsa-mir-183,0.336776387,5.52E-06,0.000619228,-0.783964712,0.001515207,0.052737105,targetprofiler-Yes,targetscan-NO,miRanda-NO,0.7802071861881354,97.4667603609174
NCOA4,hsa-mir-95,0.224340854,0.002920774,0.077148969,-0.734848556,0.004217783,0.091659992,targetprofiler-NO,targetscan-NO,miRanda-Yes,0.7079586010364268,4.880472142091551
TJP3,hsa-mir-598,-0.292618482,8.92E-05,0.006022487,0.895100502,3.57E-05,0.005140461,targetprofiler-NO,targetscan-NO,miRanda-Yes,2.8717260079336224,3.550765393779459
PSAT1,hsa-mir-200c,-0.21669042,0.004079575,0.095969388,0.947696091,8.62E-07,0.000369555,targetprofiler-NO,targetscan-NO,miRanda-Yes,4.751902466150251,16.07749418239469
C12orf43,hsa-mir-664,-0.296585216,7.07E-05,0.005001266,0.819818468,0.000601272,0.030840792,targetprofiler-NO,targetscan-Yes,miRanda-NO,0.879926435440219,1.338592981555546
TJP2,hsa-mir-134,-0.218890699,0.003709919,0.090229303,0.86025211,0.000161318,0.013862487,targetprofiler-NO,targetscan-Yes,miRanda-NO,1.0715866821075584,0.7785813377153431
GTF2IRD2,hsa-mir-579,-0.233405022,0.001938104,0.058418125,0.841485346,0.000310604,0.020786386,targetprofiler-NO,targetscan-Yes,miRanda-NO,0.5154222346386124,5.324559872375967
ATXN1,hsa-mir-148a,0.233817694,0.001901543,0.057652044,-0.770753335,0.00204321,0.062022685,targetprofiler-Yes,targetscan-NO,miRanda-NO,0.4346455543467474,2.465924830849087
CBX1,hsa-mir-106b,0.253545689,0.000736222,0.029652696,-0.82503185,0.000517088,0.028286041,targetprofiler-Yes,targetscan-NO,miRanda-NO,1.0339915427473378,6.074124141264395
C9orf25,hsa-mir-301b,0.2253186,0.002796461,0.074935333,-0.779187449,0.001692025,0.056027572,targetprofiler-Yes,targetscan-NO,miRanda-NO,0.5137464203643293,33.18614714687045
CDK17,hsa-mir-197,0.241926108,0.001299308,0.044401459,-0.74093922,0.003759857,0.086441012,targetprofiler-NO,targetscan-Yes,miRanda-NO,0.37557109721895426,3.60373874809976
LLGL2,hsa-mir-488,-0.275159554,0.000238194,0.012855564,0.753268848,0.002951052,0.075793286,targetprofiler-NO,targetscan-NO,miRanda-Yes,4.041853581015704,2.130414368750465
PLDN,hsa-mir-145,0.2299755,0.002267601,0.06499068,-0.760776663,0.002529336,0.06997028,targetprofiler-Yes,targetscan-NO,miRanda-NO,0.5390127768842232,0.1766932822791044
IGF2BP2,hsa-mir-449a,-0.228053762,0.00247373,0.068968891,0.857008485,0.000181826,0.014905462,targetprofiler-Yes,targetscan-NO,miRanda-NO,2.4890218868686427,21.636485685922146
FAM126A,hsa-mir-505,0.38943204,1.09E-07,2.10E-05,-0.779235753,0.00169016,0.055993846,targetprofiler-NO,targetscan-Yes,miRanda-NO,0.4855409393572949,2.66249465348998
NDFIP2,hsa-mir-183,-0.294803273,7.85E-05,0.005433543,0.791324488,0.001271459,0.047679498,targetprofiler-NO,targetscan-Yes,miRanda-NO,1.4059184712241732,97.4667603609174
PSPH,hsa-mir-31,-0.242407195,0.001269771,0.043679315,0.85424553,0.000200886,0.015904521,targetprofiler-NO,targetscan-Yes,miRanda-NO,1.5725539681611025,9.331863453382136
EXT2,hsa-mir-570,0.309628386,3.22E-05,0.002643625,-0.776650503,0.001792261,0.057891394,targetprofiler-NO,targetscan-Yes,miRanda-NO,0.8144409951585497,3.4916791279717083
FBXL7,hsa-mir-206,0.272611836,0.000273432,0.014292753,-0.846561598,0.000262378,0.01874646,targetprofiler-NO,targetscan-NO,miRanda-Yes,0.13720043372883106,14.078774970194322
RHPN2,hsa-mir-183,-0.242751371,0.001249019,0.043184813,0.734763874,0.00422444,0.091728395,targetprofiler-NO,targetscan-Yes,miRanda-NO,3.390441665768816,97.4667603609174
CDS2,hsa-mir-624,0.217889216,0.003874257,0.092800124,-0.751387056,0.003064835,0.077429275,targetprofiler-NO,targetscan-Yes,miRanda-NO,0.9681229046344351,3.1276764659129657
RBMS1,hsa-mir-222,0.326232982,1.12E-05,0.001112021,-0.744198353,0.003531169,0.083484991,targetprofiler-Yes,targetscan-NO,miRanda-NO,0.44037960798901493,1.4023572839989897
GAS8,hsa-mir-3127,-0.228086264,0.002470107,0.068913393,0.825398709,0.000511536,0.02810967,targetprofiler-Yes,targetscan-NO,miRanda-NO,0.9910225238682083,6.383521277588845
FGD4,hsa-mir-376c,-0.222014442,0.003236895,0.082522075,0.954008983,4.30E-07,0.000223766,targetprofiler-NO,targetscan-Yes,miRanda-Yes,0.966596912143221,0.6064030385012928
KLF5,hsa-mir-182,-0.226238605,0.002683884,0.072826861,0.746573302,0.003371421,0.081535439,targetprofiler-Yes,targetscan-Yes,miRanda-NO,1.9454140932887667,48.747953657680426
CLCN2,hsa-mir-34a,-0.232423927,0.002027607,0.060273668,0.759792045,0.002581794,0.070805344,targetprofiler-NO,targetscan-NO,miRanda-Yes,2.4594285887514635,2.052482437077747
MYNN,hsa-mir-106b,0.348184705,2.50E-06,0.000318327,-0.737674183,0.00400028,0.089277308,targetprofiler-Yes,targetscan-NO,miRanda-Yes,0.9787998716808003,6.074124141264395
ARHGAP31,hsa-mir-424,0.274620325,0.000245279,0.013149034,-0.81487688,0.000690725,0.033549109,targetprofiler-NO,targetscan-Yes,miRanda-NO,0.1690423632384046,0.3071910605747866
SIGLECP3,hsa-mir-181c,0.368497007,5.65E-07,8.86E-05,-0.735758178,0.004146793,0.09094292,targetprofiler-NO,targetscan-NO,miRanda-Yes,0.2081675767630583,3.721609893771577
SMC3,hsa-mir-130b,0.324826679,1.23E-05,0.001199238,-0.729485712,0.004655598,0.096520063,targetprofiler-NO,targetscan-NO,miRanda-Yes,0.7543043075298059,19.085883470395167
TMC7,hsa-mir-629,0.216758891,0.00406759,0.095788272,-0.731263714,0.004506739,0.094937995,targetprofiler-NO,targetscan-Yes,miRanda-NO,1.4698759004262112,3.278113764178585
SH3TC1,hsa-mir-940,-0.226215163,0.002686701,0.072887365,0.799900468,0.001027437,0.042253569,targetprofiler-Yes,targetscan-Yes,miRanda-Yes,1.4009082819280863,17.83052750213043
SPG7,hsa-mir-760,-0.220017886,0.003532487,0.087397816,0.769571118,0.002096659,0.062880658,targetprofiler-Yes,targetscan-NO,miRanda-Yes,1.1877025659795901,7.900018950945542
TBC1D8,hsa-mir-301b,-0.279147207,0.000191413,0.010892675,0.755033387,0.002847363,0.074403061,targetprofiler-Yes,targetscan-NO,miRanda-NO,1.318413318451699,33.18614714687045
HEG1,hsa-mir-488,0.297280746,6.79E-05,0.004840672,-0.814338982,0.000701062,0.03379083,targetprofiler-NO,targetscan-Yes,miRanda-NO,0.23830876985631333,2.130414368750465
TJP2,hsa-mir-543,-0.216989826,0.004027399,0.0951607,0.858800261,0.000170256,0.014312278,targetprofiler-Yes,targetscan-Yes,miRanda-Yes,1.0715866821075584,1.0813455959857
PLAG1,hsa-mir-1468,-0.272364934,0.000277093,0.014433467,0.777074128,0.001775209,0.057608678,targetprofiler-NO,targetscan-Yes,miRanda-NO,0.7166671616865644,0.8734726907854239
AMOTL1,hsa-mir-1271,0.326842755,1.07E-05,0.001074791,-0.805686398,0.000884798,0.03872826,targetprofiler-Yes,targetscan-NO,miRanda-NO,0.4681427076885937,0.8156786432232604
KIAA1586,hsa-mir-130b,0.462123528,1.37E-10,5.09E-08,-0.78238082,0.001572145,0.053826079,targetprofiler-NO,targetscan-NO,miRanda-Yes,0.8031165866048762,19.085883470395167
KIF1A,hsa-mir-497,-0.232447745,0.00202539,0.060222195,0.902589675,2.41E-05,0.003951581,targetprofiler-Yes,targetscan-NO,miRanda-NO,50.47686653884554,0.6162865945543899
CDC42,hsa-mir-186,0.242995245,0.001234503,0.042826036,-0.773773157,0.001911499,0.059840253,targetprofiler-NO,targetscan-Yes,miRanda-Yes,1.0025864597121565,2.158676563649284
SORBS1,hsa-mir-592,0.249145398,0.000915778,0.034685626,-0.784033499,0.001512771,0.052700265,targetprofiler-NO,targetscan-Yes,miRanda-NO,0.05715934619778837,22.9775459082723
ZNF862,hsa-mir-3191,-0.229125489,0.00235677,0.066738328,0.73963942,0.00385419,0.087578253,targetprofiler-Yes,targetscan-NO,miRanda-NO,0.8098203625026676,2.913078719895891
TRPM4,hsa-mir-135b,-0.231791312,0.002087295,0.06147557,0.772712206,0.001956994,0.060621257,targetprofiler-Yes,targetscan-NO,miRanda-Yes,2.639754712451006,14.708121358358433
MST4,hsa-mir-766,0.228955267,0.002375005,0.0670779,-0.739235739,0.003883856,0.08790538,targetprofiler-NO,targetscan-Yes,miRanda-NO,0.24724565387694772,6.849591739593093
LMAN2L,hsa-mir-34a,-0.369987842,5.04E-07,8.03E-05,0.728981998,0.004698451,0.097001282,targetprofiler-Yes,targetscan-NO,miRanda-NO,1.1320042306383238,2.052482437077747
AHR,hsa-mir-664,0.294343638,8.07E-05,0.005555881,-0.777076374,0.001775119,0.057608678,targetprofiler-Yes,targetscan-Yes,miRanda-NO,0.8895765793563488,1.338592981555546
SH3PXD2A,hsa-mir-130b,0.266661215,0.00037544,0.018113983,-0.791021287,0.00128085,0.047905527,targetprofiler-Yes,targetscan-NO,miRanda-NO,0.33498925100507904,19.085883470395167
CCNYL1,hsa-mir-570,0.253201356,0.000749007,0.030022608,-0.73816598,0.003963326,0.088878987,targetprofiler-NO,targetscan-Yes,miRanda-NO,1.4414118242901222,3.4916791279717083
COLQ,hsa-mir-3934,-0.240958751,0.00136061,0.045812522,0.84999176,0.00023331,0.017477449,targetprofiler-NO,targetscan-Yes,miRanda-NO,0.6013730826427576,10.586533989205867
SIRT5,hsa-mir-1266,-0.283702082,0.000148505,0.00896163,0.745874542,0.003417829,0.082079505,targetprofiler-NO,targetscan-Yes,miRanda-NO,1.1661117978577795,8.331445046349769
PHTF2,hsa-mir-106b,0.488449566,8.07E-12,3.66E-09,-0.806853564,0.000858017,0.038037926,targetprofiler-Yes,targetscan-NO,miRanda-NO,0.9330595973555885,6.074124141264395
USP13,hsa-mir-182,0.232826937,0.001990396,0.059506306,-0.757023614,0.002733832,0.072905111,targetprofiler-NO,targetscan-Yes,miRanda-NO,0.8429654925784167,48.747953657680426
GTF3C2,hsa-mir-375,-0.241539707,0.001323485,0.04497594,0.747090655,0.003337377,0.081097681,targetprofiler-NO,targetscan-Yes,miRanda-NO,1.8046259917620875,19.817239702832538
ERG,hsa-mir-664,0.284019688,0.000145876,0.008836394,-0.783936892,0.001516193,0.052746154,targetprofiler-NO,targetscan-Yes,miRanda-NO,0.17196203050138645,1.338592981555546
